Page,Page URL,SEO Title,Meta Description,Page Content (HTML),Internal Link 1,Internal Link 2,Internal Link 3,External Link
Home,/,"SR22 Insurance Raleigh NC | Fast, Cheap SR-22 Filings | Oakline","Need SR-22 insurance in Raleigh, NC? Oakline SR22 Insurance helps high-risk drivers get fast DMV filings and affordable rates. Call (984) 205-1805 for a free quote.","<h1>SR-22 Insurance in Raleigh, North Carolina</h1>
<p>Regaining your driver's license after a suspension in the Triangle shouldn't be complicated or stressful. At Oakline SR22 Insurance Raleigh, our focus is clear: helping high-risk North Carolina motorists secure dependable SR-22 and financial responsibility coverage quickly, affordably, and accurately. Whether you own a vehicle, borrow family transportation, or manage commercial operations, our dedicated Raleigh agents understand North Carolina DMV regulations and help you get back on the road without unnecessary hassle.</p>
<p>Visit our office at 704 Glenwood Ave ste d, Raleigh, NC 27605, or call <a href=""tel:+19842051805"">(984) 205-1805</a> right now to consult with a high-risk insurance advisor.</p>
<h2>Why Raleigh Drivers Rely on Oakline</h2>
<p>We bring extensive experience assisting drivers across Raleigh, Wake County, and neighboring communities who need prompt license restoration. Dealing with a suspended driver's license causes disruption to employment, family commitments, and daily life. That's why our process centers around direct, compassionate service. We evaluate your background, timeline, and budget before identifying an insurer that matches your precise situation.</p>
<p>Mistakes on state insurance paperwork can delay driver license reinstatement for weeks. Oakline submits certificates promptly and correctly so your documentation moves forward smoothly. If you're wondering how the certification works, our <a href=""/what-is-sr22/"">comprehensive guide to SR-22 filing rules</a> explains what certificates entail and why North Carolina mandates proof of liability.</p>
<h2>Reasons North Carolina Drivers Must File SR-22 Proof</h2>
<p>The state of North Carolina commonly requires financial responsibility documentation following serious motor vehicle violations, such as:</p>
<ul>
<li>Driving while impaired (DWI / DUI) convictions</li>
<li>Operating a motor vehicle without adequate liability coverage</li>
<li>Accumulating excessive DMV traffic violation points within a short timeframe</li>
<li>Driving while license revoked (DWLR) or suspended</li>
<li>Reinstating driving privileges following an at-fault uninsured accident</li>
</ul>
<p>If you've received official notice from the NCDMV, our <a href=""/how-to-get-an-sr22-in-raleigh/"">Raleigh license reinstatement instructions</a> outlines every stage from quote evaluation to license reinstatement.</p>
<h2>Flexible Coverage for Vehicle Owners and Non-Owners</h2>
<p>Not every motorist who requires financial responsibility certification owns an automobile. If you don't own a car but must satisfy state DMV requirements to lift a suspension, non-owner insurance provides an economical solution. Review our <a href=""/non-owners-sr22-insurance/"">non-owner SR-22 policy options</a> to discover how driver-only liability coverage functions and how much you can save on premiums.</p>
<p>We also serve motorcyclists, commercial drivers, and people operating employer or rented vehicles across the Triangle. Regardless of your record, our team finds tailored solutions.</p>
<h2>Rapid Electronic DMV Filings</h2>
<p>North Carolina requires uninterrupted liability coverage during your mandate. A coverage lapse triggers immediate DMV notice, leading to renewed suspensions and additional restoration fees. According to the <a href=""https://www.ncdot.gov/dmv/title-registration/insurance-requirements/Pages/default.aspx"" target=""_blank"" rel=""noopener"">official North Carolina DMV insurance mandate</a>, maintaining active proof of coverage is essential to keep your driver's license valid. Oakline monitors your renewal dates to ensure continuous compliance.</p>
<h2>Serving Raleigh and the Greater Triangle</h2>
<p>From our Glenwood South office, Oakline SR22 Insurance Raleigh serves motorists throughout Wake County, Durham, and surrounding areas including Cary, Apex, Wake Forest, Garner, Holly Springs, Morrisville, Clayton, Fuquay-Varina, and Knightdale. We frequently turn around valid quotes and paperwork within the same business day.</p>
<h2>Questions About NC Driving Requirements?</h2>
<p>Insurance regulations can be confusing when dealing with DMV paperwork. Browse our <a href=""/faq/"">helpful SR-22 questions and answers</a> page for immediate clarity, or visit our <a href=""/contact-us/"">Raleigh contact office</a> to connect directly with an insurance professional.</p>
<h2>The Oakline Commitment</h2>
<p>Unlike agencies that view high-risk filings as a sideline, SR-22 and financial responsibility certificates are Oakline's daily specialty. We know which underwriters offer the lowest rates for DWI convictions, which carriers transmit certificates quickest to the NCDMV, and how to prevent costly documentation errors. Our agents believe in honest, practical guidance—recommending non-owner policies whenever they save you money while fulfilling legal requirements.</p>
<p>Stop by 704 Glenwood Ave ste d, Raleigh, NC 27605 or call Oakline SR22 Insurance Raleigh at <a href=""tel:+19842051805"">(984) 205-1805</a> today for your free, no-obligation quote.</p>","""comprehensive guide to SR-22 filing rules"" -> /what-is-sr22/","""Raleigh license reinstatement instructions"" -> /how-to-get-an-sr22-in-raleigh/","""non-owner SR-22 policy options"" -> /non-owners-sr22-insurance/","""official North Carolina DMV insurance mandate"" -> https://www.ncdot.gov/dmv/title-registration/insurance-requirements/Pages/default.aspx"
What is SR-22?,/what-is-sr22/,What Is SR-22 Insurance in NC? | Oakline SR22 Insurance Raleigh,"Confused about SR-22 filings in North Carolina? Learn what an SR-22 is, who needs one, and how long to carry it. Call Oakline Raleigh at (984) 205-1805 today.","<h1>What Is SR-22 Insurance in North Carolina?</h1>
<p>If you've been informed by the North Carolina DMV or a local court that you need an SR-22 or certificate of financial responsibility, you likely have questions about what that means. In simple terms: an SR-22 is not an insurance policy by itself. It is an official verification filed by your licensed auto insurer directly with the state motor vehicle agency certifying that you maintain at least North Carolina's required liability coverage.</p>
<h2>Understanding the Certificate of Financial Responsibility</h2>
<p>Referred to formally as a Certificate of Financial Responsibility, this documentation verifies that an authorized insurance company covers your liability on public roadways. If coverage terminates or lapses, the insurance company is legally mandated to notify the DMV immediately, which can result in license cancellation. Insurers handle additional state reporting on these policies, which is why rates for high-risk policies are typically higher than standard insurance.</p>
<p>Under <a href=""https://www.ncdot.gov/dmv/title-registration/insurance-requirements/Pages/default.aspx"" target=""_blank"" rel=""noopener"">North Carolina DMV liability insurance regulations</a>, motorists subject to financial responsibility requirements must keep continuous active coverage throughout their entire probationary timeframe. If you don't possess a registered vehicle, our <a href=""/non-owners-sr22-insurance/"">non-owner auto insurance guide</a> details how non-owner policies meet state mandates at substantially lower rates.</p>
<h2>Who Needs to Provide Proof in North Carolina?</h2>
<p>The state usually enforces financial responsibility filings following serious driving infractions, including:</p>
<ul>
<li>A conviction for driving while impaired (DWI / DUI)</li>
<li>Operating an automobile without valid liability insurance</li>
<li>Accumulating repeated moving violations or traffic points</li>
<li>License suspensions resulting from unpaid judgments or court orders</li>
<li>Applying for conditional or limited driving privileges</li>
</ul>
<p>Once you receive notice from the NCDMV, selecting a knowledgeable agency is vital. Our <a href=""/how-to-get-an-sr22-in-raleigh/"">step-by-step Raleigh reinstatement process</a> explains the path from policy selection to official DMV confirmation.</p>
<h2>Duration of Required Coverage</h2>
<p>In North Carolina, financial responsibility mandates generally last three continuous years from your date of reinstatement. Maintaining continuous coverage is crucial—a single missed premium payment or policy lapse can cancel your certificate, prompt a fresh suspension, and restart the multi-year countdown from scratch.</p>
<h2>Standard Auto Insurance vs. High-Risk Filings</h2>
<p>An SR-22 policy provides the familiar protections of automobile liability insurance, including bodily injury and property damage limits. The difference lies in the insurer's formal filing with the state and the specialized risk classification. Rates can vary by hundreds of dollars across carriers, making thorough rate comparisons essential for Raleigh drivers.</p>
<h2>Consequences of Not Maintaining Coverage</h2>
<p>Letting your policy cancel or neglecting payment triggers state notifications, leading to immediate registration and license revocations along with steep civil fines. Oakline monitors your account schedule so your standing remains clean and active with state authorities.</p>
<h2>Local Guidance From Oakline Raleigh</h2>
<p>Oakline SR22 Insurance Raleigh assists motorists across the Triangle from our office at 704 Glenwood Ave ste d, Raleigh, NC 27605. If you have additional inquiries, check our <a href=""/faq/"">frequently asked questions section</a> or contact us directly at <a href=""tel:+19842051805"">(984) 205-1805</a> for clear, personalized answers.</p>
<h2>Debunking Common High-Risk Insurance Myths</h2>
<p>Many misconceptions surround SR-22 coverage. First, filing requirements are not permanent; once you complete the required time without violations, you can transition back to conventional preferred insurance rates. Second, vehicle ownership is not required—non-owner plans fulfill state requirements for non-car owners. Finally, not all carriers charge astronomical fees; specialized high-risk providers offer very affordable options.</p>
<p>Call Oakline SR22 Insurance Raleigh at <a href=""tel:+19842051805"">(984) 205-1805</a> or stop by 704 Glenwood Ave ste d to speak with an experienced specialist.</p>","""non-owner auto insurance guide"" -> /non-owners-sr22-insurance/","""step-by-step Raleigh reinstatement process"" -> /how-to-get-an-sr22-in-raleigh/","""frequently asked questions section"" -> /faq/","""North Carolina DMV liability insurance regulations"" -> https://www.ncdot.gov/dmv/title-registration/insurance-requirements/Pages/default.aspx"
How Do I Get an SR-22 in Raleigh,/how-to-get-an-sr22-in-raleigh/,How to Get SR-22 Insurance in Raleigh NC | Step-by-Step License Reinstatement,"Step-by-step guide to filing an SR-22 in Raleigh, NC. Learn state DMV requirements, costs, and quick reinstatement steps. Call Oakline at (984) 205-1805.","<h1>How to Get an SR-22 in Raleigh, North Carolina</h1>
<p>Receiving notice from the NCDMV that you must submit an SR-22 or certificate of financial responsibility can seem intimidating, but the restoration journey is straightforward when broken down into logical steps. Here is how Raleigh and Wake County drivers successfully transition from license suspension to legal driving privileges.</p>
<h2>Step 1: Confirm State and Court Requirements</h2>
<p>Examine your official DMV notice or court order to verify the specific filing duration and mandatory coverage amounts required for your case. If you're unfamiliar with terminology, our <a href=""/what-is-sr22/"">breakdown of SR-22 certificate basics</a> provides a clear explanation before proceeding.</p>
<h2>Step 2: Choose an Agency Licensed in North Carolina</h2>
<p>Not every insurance company offers high-risk filings, and many mainstream agents lack familiarity with DMV electronic transmission protocols. Choosing an agency like Oakline SR22 Insurance Raleigh ensures your documentation is submitted promptly without delays or processing rejections.</p>
<h2>Step 3: Determine Owner vs. Non-Owner Coverage</h2>
<p>If you own an automobile, you will need a traditional vehicle liability policy with a financial responsibility filing. If you do not own a car but need your driving privileges restored for employment or family needs, an inexpensive non-owner policy is ideal. Explore our <a href=""/non-owners-sr22-insurance/"">Raleigh non-owner coverage breakdown</a> to decide which structure matches your household.</p>
<h2>Step 4: Request Quotes and Compare Options</h2>
<p>Premiums for high-risk drivers fluctuate dramatically between insurance carriers. Contacting a specialized broker allows you to evaluate multiple underwriters at once. Reach out to Oakline at <a href=""tel:+19842051805"">(984) 205-1805</a> for honest rate comparisons based on your specific record.</p>
<h2>Step 5: Purchase Coverage and Authorize Electronic Filing</h2>
<p>Once you select a policy, your agent submits the certificate directly to the state motor vehicle agency. As highlighted in <a href=""https://www.ncdot.gov/dmv/help/Pages/proving-insurance.aspx"" target=""_blank"" rel=""noopener"">official NCDMV liability insurance requirements</a>, coverage proof must come from a company licensed to operate in North Carolina. Timing is critical to prevent missed deadlines.</p>
<h2>Step 6: Settle Applicable Reinstatement Fees</h2>
<p>Restoring a suspended North Carolina driver's license typically requires paying statutory DMV reinstatement fees. Insurance policies do not cover state fees, so budget for DMV restoration costs alongside your premium down payment.</p>
<h2>Step 7: Keep Payments and Coverage Continuous</h2>
<p>Maintaining uninterrupted insurance is paramount. Any missed billing cycle prompts the insurance carrier to submit an electronic cancellation notice to the DMV, leading to a revoked license and resetting your required filing timeframe. Always set up automatic payments to avoid unnecessary lapses.</p>
<h2>Expected Timeframe for Restoration</h2>
<p>Most Raleigh drivers can secure coverage and submit their certificate within a single business day. Depending on state processing, DMV confirmation typically takes between 24 and 72 hours, so early filing is highly encouraged.</p>
<h2>Local Triangle Support</h2>
<p>Oakline SR22 Insurance Raleigh assists drivers throughout Wake County, Durham, Johnston County, and surrounding communities. Visit us at 704 Glenwood Ave ste d, Raleigh, NC 27605, consult our <a href=""/faq/"">Raleigh filing answers hub</a>, or send an inquiry through our <a href=""/contact-us/"">direct customer support page</a>.</p>
<h2>Crucial Errors to Avoid</h2>
<p>A frequent error is assuming that buying a policy automatically clears your DMV record without confirming state receipt of the filing. Always verify confirmation from both your agency and the DMV. Another costly mistake is allowing a policy to lapse over billing details—restarting a multi-year filing clock is frustrating and expensive. Finally, don't accept the first quote you encounter; comparing specialized underwriters can save you hundreds each year.</p>
<p>Call Oakline SR22 Insurance Raleigh at <a href=""tel:+19842051805"">(984) 205-1805</a> today for fast, friendly, and affordable assistance.</p>","""breakdown of SR-22 certificate basics"" -> /what-is-sr22/","""Raleigh non-owner coverage breakdown"" -> /non-owners-sr22-insurance/","""Raleigh filing answers hub"" -> /faq/","""official NCDMV liability insurance requirements"" -> https://www.ncdot.gov/dmv/help/Pages/proving-insurance.aspx"
Non-Owners SR-22 Insurance,/non-owners-sr22-insurance/,Non-Owner SR22 Insurance Raleigh NC | Cheap High-Risk Coverage | Oakline,Don't own a vehicle but need an SR-22 in Raleigh? Explore cheap non-owner SR-22 insurance policies and restore your license. Call Oakline at (984) 205-1805.,"<h1>What Is Non-Owners SR-22 Insurance?</h1>
<p>Many Raleigh residents needing state financial responsibility filings do not currently own a personal vehicle. When the DMV mandates proof of liability insurance to restore your suspended license, you do not need to purchase a car you don't want or need. A non-owner SR-22 policy satisfies state requirements while keeping costs manageable.</p>
<h2>Understanding Non-Owner Liability Protection</h2>
<p>A non-owner policy attaches liability insurance to you as an individual driver rather than to a particular automobile. It offers bodily injury and property damage protection whenever you operate a borrowed, rented, or employer-provided passenger vehicle (provided it is not registered to you or a member of your permanent household). It satisfies North Carolina DMV mandates just like an owner policy.</p>
<p>According to <a href=""https://www.ncdot.gov/dmv/title-registration/insurance-requirements/Pages/default.aspx"" target=""_blank"" rel=""noopener"">North Carolina motor vehicle liability standards</a>, maintaining continuous financial responsibility is required regardless of automobile ownership. Non-owner insurance enables motorists to maintain lawful compliance without vehicle purchase expenses.</p>
<h2>Who Should Consider a Non-Owner Policy?</h2>
<p>Non-owner financial responsibility policies are ideal in situations where:</p>
<ul>
<li>You must reinstate your driver's license for work commutes but rely on transit, rideshares, or borrowed cars</li>
<li>You drive rented vehicles or occasional family cars not titled under your name</li>
<li>You are between vehicles and want to prevent a damaging lapse in state compliance</li>
<li>You seek the most economical method to fulfill a three-year state filing mandate</li>
</ul>
<p>If you're unsure about whether your case warrants an SR-22 filing, review our <a href=""/what-is-sr22/"">guide to NC financial responsibility laws</a> for clear criteria.</p>
<h2>Why Non-Owner Policies Are More Affordable</h2>
<p>Because non-owner coverage excludes physical damage to the vehicle itself—meaning no comprehensive or collision deductibles—premiums are substantially lower than standard auto policies. You receive full required state liability coverage without paying to insure physical vehicle repair costs.</p>
<h2>Policy Exclusions and Limitations</h2>
<p>It is important to understand what non-owner policies do not cover. They do not cover vehicles titled in your name or regularly available in your household, nor do they cover physical damage to the vehicle you are driving (which remains the responsibility of the owner's policy). If you acquire an automobile later, you must immediately transition to an owner policy.</p>
<h2>Starting Your Non-Owner Policy in Raleigh</h2>
<p>Getting a non-owner policy active is rapid. You simply provide your driver's license number, basic biographical info, and violation history. Our Raleigh agents submit the certificate directly to the NCDMV. To review full reinstatement steps, consult our <a href=""/how-to-get-an-sr22-in-raleigh/"">detailed Raleigh license restoration walkthrough</a>.</p>
<h2>Serving Drivers Across the Triangle</h2>
<p>Oakline SR22 Insurance Raleigh assists residents throughout Raleigh, Cary, Apex, Garner, Morrisville, Wake Forest, and surrounding towns. If you have questions, browse our <a href=""/faq/"">helpful answers resource page</a> or contact our office at 704 Glenwood Ave ste d, Raleigh, NC 27605.</p>
<h2>Converting From Non-Owner to Owner Coverage</h2>
<p>If your circumstances change and you purchase an automobile during your filing period, switching coverage is simple. You cannot drive a titled automobile under a non-owner policy, so notify Oakline before driving your newly purchased vehicle. We will update your policy to cover the automobile while maintaining uninterrupted DMV filings to safeguard your license.</p>
<p>Call Oakline SR22 Insurance Raleigh at <a href=""tel:+19842051805"">(984) 205-1805</a> today for your free, customized non-owner quote.</p>","""guide to NC financial responsibility laws"" -> /what-is-sr22/","""detailed Raleigh license restoration walkthrough"" -> /how-to-get-an-sr22-in-raleigh/","""helpful answers resource page"" -> /faq/","""North Carolina motor vehicle liability standards"" -> https://www.ncdot.gov/dmv/title-registration/insurance-requirements/Pages/default.aspx"
FAQ,/faq/,Raleigh SR-22 Insurance FAQ | Answers to Common NC Filing Questions,"Get answers to common North Carolina SR-22 questions: costs, timeframes, non-owner policies, and DMV rules. Call Oakline in Raleigh at (984) 205-1805.","<h1>Frequently Asked Questions About NC SR-22 Insurance</h1>
<p>Here are clear answers to common questions Raleigh and Triangle motorists ask regarding SR-22 and financial responsibility filings. If your question isn't listed below, visit our <a href=""/contact-us/"">contact page</a> to speak directly with an Oakline specialist.</p>
<h2>Is an SR-22 an insurance policy?</h2>
<p>No. An SR-22 is an official certificate issued by a licensed insurer verifying that you hold required liability limits. To learn more, explore our <a href=""/what-is-sr22/"">explaining SR-22 certificates</a> guide.</p>
<h2>Why does the NCDMV require an SR-22 filing?</h2>
<p>North Carolina mandates financial responsibility filings following offenses such as DWI convictions, driving without insurance, accumulating excessive driver license points, or driving on a suspended license. Official criteria are outlined by the <a href=""https://www.ncdot.gov/dmv/title-registration/insurance-requirements/Pages/default.aspx"" target=""_blank"" rel=""noopener"">North Carolina DMV insurance department</a>.</p>
<h2>How long am I required to maintain an SR-22 in North Carolina?</h2>
<p>Most North Carolina mandates require continuous filing for three consecutive years from your reinstatement date. Maintaining active insurance throughout this timeframe is essential to avoid resetting the requirement.</p>
<h2>What occurs if my insurance policy lapses or cancels?</h2>
<p>Your insurance company is legally bound to inform the NCDMV immediately upon non-payment or cancellation. The DMV will issue an order suspending your driving privileges and the filing period may restart completely.</p>
<h2>Can I obtain an SR-22 if I don't own an automobile?</h2>
<p>Yes. A non-owner policy fulfills state requirements without requiring vehicle ownership, typically at a much lower premium. See our <a href=""/non-owners-sr22-insurance/"">non-vehicle owner filing solutions</a> page for full details.</p>
<h2>How much does high-risk insurance cost in Raleigh?</h2>
<p>Pricing varies based on your driving violation history, age, vehicle, and credit profile. Working with an experienced broker like Oakline allows you to compare multiple top-rated insurers. Call <a href=""tel:+19842051805"">(984) 205-1805</a> for a fast, free quote.</p>
<h2>Can I switch auto insurance companies during my filing period?</h2>
<p>Yes, provided there is zero gap in coverage. Your new carrier must file the necessary certificate with the NCDMV before your existing policy terminates. Oakline coordinates this transition seamlessly.</p>
<h2>Does Oakline handle motorcycle SR-22 filings?</h2>
<p>Yes, we provide motorcycle financial responsibility filings for riders needing license reinstatement across Wake County and North Carolina.</p>
<h2>How quickly can my certificate be filed?</h2>
<p>Most clients receive immediate proof and same-day electronic filing with the state. For comprehensive procedures, review our <a href=""/how-to-get-an-sr22-in-raleigh/"">step-by-step Raleigh reinstatement process</a>.</p>
<h2>Where is Oakline located in Raleigh?</h2>
<p>Our office is conveniently located at 704 Glenwood Ave ste d, Raleigh, NC 27605 in the Glenwood South district. We serve motorists throughout Raleigh, Cary, Durham, Garner, Wake Forest, and all surrounding areas.</p>
<h2>Can I drive while my filing is being processed?</h2>
<p>If your license is suspended, you must wait until the DMV officially processes your filing and confirms reinstatement before operating a vehicle. Driving while suspended carries severe penalties.</p>
<h2>Need Personal Assistance?</h2>
<p>Our agents provide judgment-free guidance to help you navigate DMV requirements easily. Visit our Raleigh office at 704 Glenwood Ave ste d or call <a href=""tel:+19842051805"">(984) 205-1805</a> today.</p>","""explaining SR-22 certificates"" -> /what-is-sr22/","""non-vehicle owner filing solutions"" -> /non-owners-sr22-insurance/","""Raleigh reinstatement process guide"" -> /how-to-get-an-sr22-in-raleigh/","""North Carolina DMV insurance department"" -> https://www.ncdot.gov/dmv/title-registration/insurance-requirements/Pages/default.aspx"
Contact Us,/contact-us/,Contact Oakline SR22 Insurance Raleigh | Free Quote & Same-Day Filing,"Contact Oakline SR22 Insurance in Raleigh at 704 Glenwood Ave ste d or call (984) 205-1805. Get quick, confidential quotes and same-day NC DMV filing support.","<h1>Contact Oakline SR22 Insurance Raleigh</h1>
<p>Whether you're dealing with a recent license suspension, navigating an NCDMV notice, or shopping for affordable high-risk auto coverage, Oakline SR22 Insurance Raleigh is ready to assist. Call us directly at <a href=""tel:+19842051805"">(984) 205-1805</a> or stop by our Raleigh office at 704 Glenwood Ave ste d, Raleigh, NC 27605.</p>
<h2>Information to Have Handy When Contacting Us</h2>
<p>To help us prepare the fastest and most accurate quote, please have the following items ready:</p>
<ul>
<li>Your North Carolina driver's license number or DMV customer ID</li>
<li>Any suspension or financial responsibility notice received from the NCDMV</li>
<li>Vehicle information (VIN, year, make) if you own an automobile</li>
<li>Details concerning the violation leading to the filing requirement</li>
</ul>
<p>Even if you don't have all paperwork available, reach out today—our specialists can begin your profile and guide you through the remaining steps. To learn more about filing rules beforehand, explore our <a href=""/what-is-sr22/"">understanding NC SR-22 rules</a> overview.</p>
<h2>What to Expect When You Work With Oakline</h2>
<p>We review your driving background and evaluate whether a standard owner policy or a <a href=""/non-owners-sr22-insurance/"">driver-only non-owner policy</a> best suits your budget and lifestyle. We provide transparent pricing with no hidden charges, and once you approve, we electronically file your certificate directly with the North Carolina DMV.</p>
<h2>Rapid Response and Same-Day Service</h2>
<p>We recognize that getting back on the road is urgent for work, family, and daily life. Most policies can be quoted, bound, and filed on the very day you reach out.</p>
<h2>Triangle Communities We Serve</h2>
<p>From our location on Glenwood Avenue, we assist motorists across the greater Triangle region, including Raleigh, Cary, Apex, Wake Forest, Garner, Holly Springs, Morrisville, Clayton, Fuquay-Varina, Knightdale, and Durham.</p>
<h2>Frequently Asked Questions</h2>
<p>Have quick questions about pricing, timelines, or policy conditions? Our <a href=""/faq/"">frequently asked queries guide</a> addresses common concerns motorists have when restoring their driving privileges.</p>
<h2>Comprehensive Filing Solutions</h2>
<p>In addition to standard personal automobile policies, we handle commercial vehicles, motorcycle filings, and out-of-state transfers. To understand each phase of the license restoration journey, review our <a href=""/how-to-get-an-sr22-in-raleigh/"">complete Raleigh restoration guide</a>.</p>
<h2>Official State Regulations</h2>
<p>While Oakline handles your policy and electronic submission, filing mandates are established under state law. You can review official regulatory criteria on the <a href=""https://www.ncdot.gov/dmv/title-registration/insurance-requirements/Pages/default.aspx"" target=""_blank"" rel=""noopener"">official North Carolina DMV insurance page</a>.</p>
<h2>Our Service Guarantee</h2>
<p>Dealing with license suspensions can be stressful, but our specialists provide respectful, professional support tailored to your unique circumstances. We explain your choices clearly without technical jargon, helping you achieve compliance affordably.</p>
<p>Visit Oakline SR22 Insurance Raleigh at 704 Glenwood Ave ste d, Raleigh, NC 27605 or call <a href=""tel:+19842051805"">(984) 205-1805</a> today for your free quote.</p>","""understanding NC SR-22 rules"" -> /what-is-sr22/","""driver-only non-owner policy"" -> /non-owners-sr22-insurance/","""frequently asked queries guide"" -> /faq/","""official North Carolina DMV insurance page"" -> https://www.ncdot.gov/dmv/title-registration/insurance-requirements/Pages/default.aspx"
"Cary, NC (Location Page)",/cary-nc/,"SR22 Insurance Cary NC | Fast, Affordable High-Risk Coverage","Need SR-22 insurance in Cary, NC? Oakline SR22 Insurance Raleigh provides fast DMV filings, cheap non-owner rates, and local service. Call (984) 205-1805.","<h1>SR-22 Insurance in Cary, North Carolina</h1>
<p>If you live or commute through Cary and face an NCDMV license suspension or mandatory financial responsibility filing, Oakline SR22 Insurance Raleigh provides the rapid, dependable assistance you need. Located just minutes east along Chapel Hill Road and the Cary Towne corridor, our Raleigh team helps Cary drivers obtain affordable SR-22 certificates and submit electronic DMV paperwork on the same day.</p>
<p>Reach out to our nearby office by calling <a href=""tel:+19842051805"">(984) 205-1805</a> or stop by 704 Glenwood Ave ste d, Raleigh, NC 27605 for a customized quote.</p>
<h2>Why Cary Motorists Trust Oakline</h2>
<p>Navigating driver license restoration in Wake County can feel challenging, especially when balancing work commutes along US-1, I-40, and Maynard Road. Oakline focuses specifically on high-risk auto insurance. We understand NCDMV verification standards, preventing administrative delays that keep you off the road. Unsure about how financial responsibility certificates work? Read our <a href=""/what-is-sr22/"">Cary driver SR-22 essentials</a> guide for straightforward answers.</p>
<h2>Owner and Non-Owner Coverage Options</h2>
<p>You don't need to own an automobile to satisfy state reinstatement requirements. If you walk, cycle, or use Triangle transit in Cary, a <a href=""/non-owners-sr22-insurance/"">Cary non-owner liability certificate</a> allows you to restore your license without purchasing a vehicle. For drivers with registered vehicles, we find competitive rates on owner liability policies that meet North Carolina minimums.</p>
<h2>Common Reasons for SR-22 Filings in Cary</h2>
<p>State authorities typically require financial responsibility filings following offenses such as:</p>
<ul>
<li>Driving while impaired (DWI) convictions</li>
<li>Driving without active vehicle liability insurance</li>
<li>Accumulating excessive moving violation points on your North Carolina driving record</li>
<li>Driving with a revoked or suspended license</li>
<li>Judgments arising from uninsured motor vehicle collisions</li>
</ul>
<p>Under <a href=""https://www.ncdot.gov/dmv/title-registration/insurance-requirements/Pages/default.aspx"" target=""_blank"" rel=""noopener"">official North Carolina DMV insurance guidelines</a>, continuous coverage must be maintained throughout your compliance period. A lapse will trigger automatic suspension.</p>
<h2>Fast Steps to Reinstatement in Cary</h2>
<p>Restoring your driving privileges is simple: call us with your violation info, compare affordable carrier quotes, and authorize your electronic filing. For comprehensive details, check our <a href=""/how-to-get-an-sr22-in-raleigh/"">Cary step-by-step restoration walkthrough</a>.</p>
<h2>Dedicated Triangle Service</h2>
<p>We provide personalized evaluations rather than computer-generated approximations. Whether you live near Downtown Cary Park, Preston, or Kildaire Farm Road, we ensure you pay only what is necessary to stay fully compliant.</p>
<h2>Have Questions?</h2>
<p>Check out our <a href=""/faq/"">helpful SR-22 driver questions</a> resource or speak directly with an agent at <a href=""tel:+19842051805"">(984) 205-1805</a>.</p>","""Cary driver SR-22 essentials"" -> /what-is-sr22/","""Cary non-owner liability certificate"" -> /non-owners-sr22-insurance/","""Cary step-by-step restoration walkthrough"" -> /how-to-get-an-sr22-in-raleigh/","""official North Carolina DMV insurance guidelines"" -> https://www.ncdot.gov/dmv/title-registration/insurance-requirements/Pages/default.aspx"
"Apex, NC (Location Page)",/apex-nc/,SR22 Insurance Apex NC | Same-Day DMV Filings | Oakline,"Get affordable SR-22 insurance in Apex, NC. Oakline helps drivers with DWIs or suspensions get reinstated quickly. Call (984) 205-1805 for an instant quote.","<h1>SR-22 Insurance in Apex, North Carolina</h1>
<p>Dealing with a suspended driver's license in Apex doesn't have to put your routine on hold. Whether you travel along NC-55, US-64, or Ten-Ten Road, Oakline SR22 Insurance Raleigh delivers fast, budget-conscious high-risk auto insurance and electronic state filings. Our Glenwood South team helps Apex drivers quickly regain peace of mind and lawful driving privileges.</p>
<p>Contact Oakline today at <a href=""tel:+19842051805"">(984) 205-1805</a> or visit 704 Glenwood Ave ste d, Raleigh, NC 27605 for prompt support.</p>
<h2>Why Drivers in the Peak of Good Living Choose Us</h2>
<p>Handling financial responsibility paperwork requires precision. A minor clerical error on an insurance certificate can lead to DMV rejection and extended suspension time. Oakline's specialists work directly with carriers that interface smoothly with the NCDMV. Wondering what an SR-22 involves? Visit our <a href=""/what-is-sr22/"">Apex financial responsibility overview</a> to learn the fundamentals.</p>
<h2>Flexible Solutions for Every Driver</h2>
<p>Whether you need coverage on your family vehicle or require a <a href=""/non-owners-sr22-insurance/"">non-owner policy for Apex motorists</a> because you don't own an automobile, we structure policies to fit your actual driving patterns and budget.</p>
<h2>What Causes an SR-22 Mandate in Apex?</h2>
<p>Drivers in Apex are typically mandated to file after:</p>
<ul>
<li>A conviction for DWI / driving while impaired</li>
<li>Driving while license suspended or revoked</li>
<li>Operating an uninsured motor vehicle</li>
<li>Multiple serious traffic infractions within a twelve-month window</li>
</ul>
<p>According to <a href=""https://www.ncdot.gov/dmv/title-registration/insurance-requirements/Pages/default.aspx"" target=""_blank"" rel=""noopener"">NCDMV insurance verification standards</a>, maintaining continuous coverage is legally mandated. Any policy lapse restarts your mandatory filing timeframe.</p>
<h2>Simple License Restoration</h2>
<p>Getting back behind the wheel is easy when you partner with local professionals. Review our <a href=""/how-to-get-an-sr22-in-raleigh/"">Apex driver reinstatement process</a> to understand timeframes, state fees, and certificate submission.</p>
<h2>Local, Judgment-Free Support</h2>
<p>Our agents treat every client with dignity and discretion. Whether you're in historic downtown Apex, Beaver Creek, or surrounding rural areas, we shop top underwriters to minimize your monthly payments.</p>
<h2>Got Questions?</h2>
<p>Read our <a href=""/faq/"">Apex SR-22 insurance answers</a> section or call Oakline at <a href=""tel:+19842051805"">(984) 205-1805</a> for instant assistance.</p>","""Apex financial responsibility overview"" -> /what-is-sr22/","""non-owner policy for Apex motorists"" -> /non-owners-sr22-insurance/","""Apex driver reinstatement process"" -> /how-to-get-an-sr22-in-raleigh/","""NCDMV insurance verification standards"" -> https://www.ncdot.gov/dmv/title-registration/insurance-requirements/Pages/default.aspx"
"Wake Forest, NC (Location Page)",/wake-forest-nc/,SR22 Insurance Wake Forest NC | Fast Reinstatement & Cheap Rates,"Restoring your license in Wake Forest, NC? Oakline SR22 Insurance delivers rapid electronic filings and low monthly premiums. Call (984) 205-1805 today.","<h1>SR-22 Insurance in Wake Forest, North Carolina</h1>
<p>If you're facing a license suspension in northern Wake County, Oakline SR22 Insurance Raleigh is ready to assist. Traveling Capital Boulevard (US-1) or NC-98 is essential for daily work and family life. Our team provides Wake Forest motorists with affordable high-risk auto coverage and rapid electronic state certificate submissions.</p>
<p>Call <a href=""tel:+19842051805"">(984) 205-1805</a> or stop by our office at 704 Glenwood Ave ste d, Raleigh, NC 27605 to get your quote started immediately.</p>
<h2>Why Wake Forest Motorists Turn to Oakline</h2>
<p>State DMV requirements can be intricate, and delays in paperwork submission can prolong your license suspension. Oakline specializes in rapid certificate issuance and high-risk underwriting. If you want to understand state requirements, explore our <a href=""/what-is-sr22/"">Wake Forest SR-22 primer</a>.</p>
<h2>Vehicle Owner and Non-Owner Coverage</h2>
<p>If you do not currently own a personal car, you can still reinstate your license using an <a href=""/non-owners-sr22-insurance/"">economical non-owner policy in Wake Forest</a>. If you own an automobile, we shop multiple carriers to secure the lowest possible rates on owner liability policies.</p>
<h2>Violations Requiring Financial Responsibility in Wake Forest</h2>
<p>State authorities enforce mandatory certificate filings following:</p>
<ul>
<li>DWI convictions</li>
<li>Citations for driving without valid insurance</li>
<li>Excessive speeding convictions and moving violation points</li>
<li>Driving while license revoked (DWLR)</li>
</ul>
<p>Review the <a href=""https://www.ncdot.gov/dmv/help/Pages/proving-insurance.aspx"" target=""_blank"" rel=""noopener"">official North Carolina DMV liability insurance guide</a> to understand how the state verifies active certificates.</p>
<h2>Streamlined License Restoration</h2>
<p>We eliminate paperwork stress by submitting your filings electronically. Walk through our <a href=""/how-to-get-an-sr22-in-raleigh/"">Wake Forest reinstatement instructions</a> for practical advice on restoring full driving privileges.</p>
<h2>Local Service for Northern Wake County</h2>
<p>From Heritage to downtown Wake Forest and Rolesville borders, Oakline delivers honest pricing and prompt answers. We help you stay compliant throughout your mandated filing timeframe.</p>
<h2>Need More Details?</h2>
<p>Visit our <a href=""/faq/"">Wake Forest SR-22 FAQ hub</a> or call Oakline at <a href=""tel:+19842051805"">(984) 205-1805</a> today.</p>","""Wake Forest SR-22 primer"" -> /what-is-sr22/","""economical non-owner policy in Wake Forest"" -> /non-owners-sr22-insurance/","""Wake Forest reinstatement instructions"" -> /how-to-get-an-sr22-in-raleigh/","""official North Carolina DMV liability insurance guide"" -> https://www.ncdot.gov/dmv/help/Pages/proving-insurance.aspx"
"Garner, NC (Location Page)",/garner-nc/,SR22 Insurance Garner NC | Local High-Risk Auto Insurance,"Need SR-22 insurance in Garner, NC? Oakline offers cheap owner and non-owner liability coverage with same-day NCDMV processing. Call (984) 205-1805.","<h1>SR-22 Insurance in Garner, North Carolina</h1>
<p>For drivers in Garner, having a valid driver's license is essential for commuting along US-70, I-40, and Benson Road. If a traffic offense or DMV notification requires you to carry an SR-22 certificate, Oakline SR22 Insurance Raleigh offers quick, reliable, and affordable coverage solutions.</p>
<p>Speak directly with our nearby Raleigh team at <a href=""tel:+19842051805"">(984) 205-1805</a> or visit us in Glenwood South at 704 Glenwood Ave ste d, Raleigh, NC 27605.</p>
<h2>Why Garner Drivers Depend on Oakline</h2>
<p>When you're dealing with license suspensions, you need an insurance agency that moves fast and avoids clerical errors. Oakline focuses on high-risk insurance solutions, ensuring your electronic filings reach the NCDMV accurately. Review our <a href=""/what-is-sr22/"">Garner SR-22 filing primer</a> to understand certificate requirements.</p>
<h2>Owner and Non-Owner Policies in Garner</h2>
<p>If you don't own an automobile, you don't have to buy one to satisfy the state's mandate. A <a href=""/non-owners-sr22-insurance/"">Garner non-owner auto insurance plan</a> provides state-compliant liability coverage at a fraction of standard rates. For vehicle owners, we search leading high-risk underwriters to find low down payments.</p>
<h2>Triggers for Financial Responsibility in Garner</h2>
<p>Common infractions requiring proof of financial responsibility include:</p>
<ul>
<li>Conviction for driving while impaired (DWI)</li>
<li>Uninsured motor vehicle accidents</li>
<li>Driving with a revoked or suspended license</li>
<li>Accumulation of driver license penalty points</li>
</ul>
<p>As stated in the <a href=""https://www.ncdot.gov/dmv/title-registration/insurance-requirements/Pages/default.aspx"" target=""_blank"" rel=""noopener"">North Carolina vehicle liability coverage law</a>, keeping coverage continuous is critical to avoid immediate suspension.</p>
<h2>How to Restore Your Driving Privileges</h2>
<p>Our agents help you obtain coverage and submit electronic documentation quickly. Consult our <a href=""/how-to-get-an-sr22-in-raleigh/"">Garner license reinstatement roadmap</a> to see every stage clearly explained.</p>
<h2>Serving Garner and Southern Wake County</h2>
<p>Whether you're near White Oak Crossing, Lake Benson, or Vandora Springs, Oakline provides attentive, hometown service and transparent rates.</p>
<h2>Common Questions?</h2>
<p>Explore our <a href=""/faq/"">Garner driver FAQ resource</a> or call <a href=""tel:+19842051805"">(984) 205-1805</a> for prompt assistance.</p>","""Garner SR-22 filing primer"" -> /what-is-sr22/","""Garner non-owner auto insurance plan"" -> /non-owners-sr22-insurance/","""Garner license reinstatement roadmap"" -> /how-to-get-an-sr22-in-raleigh/","""North Carolina vehicle liability coverage law"" -> https://www.ncdot.gov/dmv/title-registration/insurance-requirements/Pages/default.aspx"
"Holly Springs, NC (Location Page)",/holly-springs-nc/,SR22 Insurance Holly Springs NC | Quick DMV Filings | Oakline,"Reliable SR-22 insurance filings in Holly Springs, NC. Get low down payments, same-day electronic certificates, and trusted support. Call (984) 205-1805.","<h1>SR-22 Insurance in Holly Springs, North Carolina</h1>
<p>If you reside in Holly Springs and must fulfill a DMV insurance mandate, Oakline SR22 Insurance Raleigh is here to simplify the process. Whether commuting via the NC-55 Bypass or Holly Springs Road, restoring your driver's license quickly is our top priority. We offer low rates and same-day electronic filing directly with the state.</p>
<p>Call our office at <a href=""tel:+19842051805"">(984) 205-1805</a> or stop by 704 Glenwood Ave ste d, Raleigh, NC 27605 to speak with an advisor.</p>
<h2>Why Holly Springs Motorists Choose Oakline</h2>
<p>Dealing with state paperwork can be frustrating. Our experienced specialists handle high-risk insurance every day, ensuring your certificates are processed without delay. Check out our <a href=""/what-is-sr22/"">Holly Springs SR-22 overview</a> to learn about mandatory certificate requirements.</p>
<h2>Owner and Non-Owner Coverage Available</h2>
<p>Don't own a car? You can satisfy the state mandate with a <a href=""/non-owners-sr22-insurance/"">Holly Springs non-owner insurance policy</a>, protecting you when driving borrowed or rental vehicles. If you own an automobile, we compare top carriers to secure affordable monthly premiums.</p>
<h2>What Causes an SR-22 Requirement in Holly Springs?</h2>
<p>Typical circumstances requiring financial responsibility filings include:</p>
<ul>
<li>DWI / DUI convictions</li>
<li>Driving without mandatory auto liability insurance</li>
<li>Driving while license suspended or revoked</li>
<li>Multiple serious moving violations</li>
</ul>
<p>Review the <a href=""https://www.ncdot.gov/dmv/title-registration/insurance-requirements/Pages/default.aspx"" target=""_blank"" rel=""noopener"">official NCDMV insurance mandate</a> to see state compliance requirements.</p>
<h2>Getting Reinstated Quickly</h2>
<p>Regaining legal driving status is straightforward when you partner with Oakline. Visit our <a href=""/how-to-get-an-sr22-in-raleigh/"">Holly Springs license recovery guide</a> for step-by-step guidance on state filing.</p>
<h2>Serving Southwestern Wake County</h2>
<p>From Ting Park to Bass Lake and Sunset Ridge, we help Holly Springs motorists secure reliable coverage and stay fully compliant.</p>
<h2>Have More Questions?</h2>
<p>Visit our <a href=""/faq/"">Holly Springs SR-22 answers</a> page or call <a href=""tel:+19842051805"">(984) 205-1805</a> today.</p>","""Holly Springs SR-22 overview"" -> /what-is-sr22/","""Holly Springs non-owner insurance policy"" -> /non-owners-sr22-insurance/","""Holly Springs license recovery guide"" -> /how-to-get-an-sr22-in-raleigh/","""official NCDMV insurance mandate"" -> https://www.ncdot.gov/dmv/title-registration/insurance-requirements/Pages/default.aspx"
"Morrisville, NC (Location Page)",/morrisville-nc/,SR22 Insurance Morrisville NC | Low-Cost Triangle Filings,"Looking for SR-22 insurance in Morrisville, NC? Oakline SR22 Insurance Raleigh offers fast quotes and cheap non-owner options. Call (984) 205-1805.","<h1>SR-22 Insurance in Morrisville, North Carolina</h1>
<p>In the heart of the Triangle and Research Triangle Park (RTP), Morrisville drivers rely on their cars to navigate NC-54, Airport Boulevard, and I-40. If an NCDMV suspension has disrupted your commute, Oakline SR22 Insurance Raleigh provides fast high-risk insurance quotes and immediate electronic certificate filings.</p>
<p>Call our specialists at <a href=""tel:+19842051805"">(984) 205-1805</a> or visit our Raleigh location at 704 Glenwood Ave ste d, Raleigh, NC 27605.</p>
<h2>Why Morrisville Drivers Count on Oakline</h2>
<p>High-risk auto filings require prompt processing to avoid extending your suspension. Oakline works directly with leading underwriting companies to ensure your certificate is submitted accurately to state authorities. Read our <a href=""/what-is-sr22/"">Morrisville SR-22 information guide</a> for clear details on state policies.</p>
<h2>Coverage Options for Vehicle Owners and Non-Owners</h2>
<p>For residents who utilize public transit or rideshares, a <a href=""/non-owners-sr22-insurance/"">Morrisville non-owner liability policy</a> fulfills state legal obligations at a significantly lower monthly cost. Vehicle owners can take advantage of our multi-carrier rate comparisons to find the best deal available.</p>
<h2>When Is an SR-22 Mandated in Morrisville?</h2>
<p>The state commonly requires proof of financial responsibility after:</p>
<ul>
<li>Conviction for driving while impaired (DWI)</li>
<li>Operating an uninsured motor vehicle</li>
<li>Multiple traffic infractions in a brief timeframe</li>
<li>Driving under suspension or revocation</li>
</ul>
<p>Stay informed by reviewing the <a href=""https://www.ncdot.gov/dmv/help/Pages/proving-insurance.aspx"" target=""_blank"" rel=""noopener"">official North Carolina DMV insurance verification guidelines</a> to prevent coverage lapses.</p>
<h2>Steps to Regain Your License</h2>
<p>Our team guides you through quote selection, policy issuance, and state fee payments. Explore our <a href=""/how-to-get-an-sr22-in-raleigh/"">Morrisville driver reinstatement walkthrough</a> for complete instructions.</p>
<h2>Serving RTP and Western Wake County</h2>
<p>From Park West Village to Lake Crabtree, Oakline offers transparent guidance and low down payments to keep you on the road legally.</p>
<h2>Need Assistance?</h2>
<p>Browse our <a href=""/faq/"">Morrisville SR-22 FAQ</a> or call <a href=""tel:+19842051805"">(984) 205-1805</a> for a free consultation.</p>","""Morrisville SR-22 information guide"" -> /what-is-sr22/","""Morrisville non-owner liability policy"" -> /non-owners-sr22-insurance/","""Morrisville driver reinstatement walkthrough"" -> /how-to-get-an-sr22-in-raleigh/","""official North Carolina DMV insurance verification guidelines"" -> https://www.ncdot.gov/dmv/help/Pages/proving-insurance.aspx"
"Clayton, NC (Location Page)",/clayton-nc/,SR22 Insurance Clayton NC | Fast License Reinstatement,"Restore your driving privileges in Clayton, NC. Oakline provides affordable SR-22 certificates, owner policies, and non-owner coverage. Call (984) 205-1805.","<h1>SR-22 Insurance in Clayton, North Carolina</h1>
<p>Whether traveling along US-70 Business or NC-42 between Johnston County and Wake County, maintaining a valid driver's license is vital. If the DMV has notified you that an SR-22 certificate is required, Oakline SR22 Insurance Raleigh offers competitive rates and fast electronic submission to help you reinstate your privileges.</p>
<p>Contact our Raleigh team at <a href=""tel:+19842051805"">(984) 205-1805</a> or visit 704 Glenwood Ave ste d, Raleigh, NC 27605 today.</p>
<h2>Why Clayton Drivers Turn to Oakline</h2>
<p>Dealing with high-risk insurance shouldn't be stressful. Our agents specialize in financial responsibility filings and know how to avoid administrative bottlenecks. Review our <a href=""/what-is-sr22/"">Clayton SR-22 insurance explained</a> resource for valuable insights.</p>
<h2>Owner and Non-Owner Coverage</h2>
<p>If you don't have a personal vehicle titled in your name, a <a href=""/non-owners-sr22-insurance/"">Clayton non-owner SR-22 plan</a> satisfies state requirements without vehicle ownership costs. If you own an automobile, we locate competitive liability coverage that keeps your payments manageable.</p>
<h2>Common Grounds for State Filings in Clayton</h2>
<p>Mandatory filings in North Carolina are typically triggered by:</p>
<ul>
<li>A DWI conviction</li>
<li>Driving without state-mandated insurance coverage</li>
<li>Accumulating excessive DMV violation points</li>
<li>Driving while license suspended or revoked</li>
</ul>
<p>As documented in the <a href=""https://www.ncdot.gov/dmv/title-registration/insurance-requirements/Pages/default.aspx"" target=""_blank"" rel=""noopener"">official North Carolina DMV insurance rules</a>, lapses in coverage can reset your mandatory filing period.</p>
<h2>How to Reinstate Your License in Clayton</h2>
<p>Restoring your license involves selecting compliant coverage, filing electronically with the DMV, and settling state fees. See our <a href=""/how-to-get-an-sr22-in-raleigh/"">Clayton license reinstatement instructions</a> for full details.</p>
<h2>Serving Clayton and Johnston County Commuters</h2>
<p>From Riverwood Athletic Club to downtown Clayton, Oakline provides dependable coverage, fast filing, and exceptional customer care.</p>
<h2>Questions?</h2>
<p>Check our <a href=""/faq/"">Clayton driver FAQ page</a> or call <a href=""tel:+19842051805"">(984) 205-1805</a> for prompt assistance.</p>","""Clayton SR-22 insurance explained"" -> /what-is-sr22/","""Clayton non-owner SR-22 plan"" -> /non-owners-sr22-insurance/","""Clayton license reinstatement instructions"" -> /how-to-get-an-sr22-in-raleigh/","""official North Carolina DMV insurance rules"" -> https://www.ncdot.gov/dmv/title-registration/insurance-requirements/Pages/default.aspx"
"Fuquay-Varina, NC (Location Page)",/fuquay-varina-nc/,SR22 Insurance Fuquay-Varina NC | Affordable High-Risk Coverage,"Need an SR-22 in Fuquay-Varina, NC? Oakline SR22 Insurance offers fast same-day certificates for suspended drivers. Call (984) 205-1805 for a free quote.","<h1>SR-22 Insurance in Fuquay-Varina, North Carolina</h1>
<p>If you're dealing with an NCDMV suspension in southern Wake County, Oakline SR22 Insurance Raleigh provides the prompt, cost-effective coverage you need. Commuting along US-401 and NC-55 requires dependable driving privileges, and our team helps Fuquay-Varina motorists get back on the road with same-day electronic certificate filings.</p>
<p>Call our office at <a href=""tel:+19842051805"">(984) 205-1805</a> or stop by 704 Glenwood Ave ste d, Raleigh, NC 27605 for immediate service.</p>
<h2>Why Fuquay-Varina Motorists Rely on Oakline</h2>
<p>High-risk insurance can be confusing, but our knowledgeable specialists make the filing process simple and hassle-free. Discover how state certificates function by reading our <a href=""/what-is-sr22/"">Fuquay-Varina SR-22 guidance</a> overview.</p>
<h2>Owner and Non-Owner Coverage Options</h2>
<p>If you don't own a car, you can still meet DMV requirements with an <a href=""/non-owners-sr22-insurance/"">affordable Fuquay-Varina non-owner insurance policy</a>. If you own an automobile, we compare top underwriters to secure low down payments and affordable monthly rates.</p>
<h2>What Triggers an SR-22 Mandate in Fuquay-Varina?</h2>
<p>North Carolina authorities usually require certificate filings following:</p>
<ul>
<li>Impaired driving convictions (DWI)</li>
<li>Operating a motor vehicle without insurance</li>
<li>Multiple serious moving violations</li>
<li>Driving with a revoked driver's license</li>
</ul>
<p>Check the <a href=""https://www.ncdot.gov/dmv/title-registration/insurance-requirements/Pages/default.aspx"" target=""_blank"" rel=""noopener"">official North Carolina DMV liability criteria</a> to review mandatory compliance guidelines.</p>
<h2>Steps to Restore Your Driving Privileges</h2>
<p>We make license reinstatement clear and manageable. Check out our <a href=""/how-to-get-an-sr22-in-raleigh/"">Fuquay-Varina license recovery steps</a> for detailed instructions.</p>
<h2>Serving Fuquay-Varina and Surrounding Towns</h2>
<p>Whether you're located near Mineral Spring Park, downtown Varina, or toward Willow Spring, Oakline provides respectful, local support and competitive high-risk coverage.</p>
<h2>Have Questions?</h2>
<p>Visit our <a href=""/faq/"">Fuquay-Varina SR-22 questions hub</a> or call <a href=""tel:+19842051805"">(984) 205-1805</a> today.</p>","""Fuquay-Varina SR-22 guidance"" -> /what-is-sr22/","""affordable Fuquay-Varina non-owner insurance policy"" -> /non-owners-sr22-insurance/","""Fuquay-Varina license recovery steps"" -> /how-to-get-an-sr22-in-raleigh/","""official North Carolina DMV liability criteria"" -> https://www.ncdot.gov/dmv/title-registration/insurance-requirements/Pages/default.aspx"
"Knightdale, NC (Location Page)",/knightdale-nc/,SR22 Insurance Knightdale NC | Fast DMV Filings & Low Rates,"Get prompt SR-22 filing service in Knightdale, NC. Oakline helps motorists overcome DWI and suspension hurdles with low rates. Call (984) 205-1805.","<h1>SR-22 Insurance in Knightdale, North Carolina</h1>
<p>Living in eastern Wake County means depending on quick access to I-87 and US-64. If a traffic offense or court order requires you to obtain an SR-22 certificate, Oakline SR22 Insurance Raleigh offers fast quotes, affordable monthly premiums, and prompt electronic DMV submissions.</p>
<p>Call our Raleigh team at <a href=""tel:+19842051805"">(984) 205-1805</a> or visit 704 Glenwood Ave ste d, Raleigh, NC 27605 to get started.</p>
<h2>Why Knightdale Drivers Choose Oakline</h2>
<p>Dealing with license restoration can be stressful, but our team specializes exclusively in high-risk coverage and state compliance. To learn about state filing mandates, consult our <a href=""/what-is-sr22/"">Knightdale SR-22 certificate essentials</a> guide.</p>
<h2>Flexible Solutions for Non-Owners and Owners</h2>
<p>If you don't own an automobile, a <a href=""/non-owners-sr22-insurance/"">Knightdale non-owner liability policy</a> allows you to restore your license without purchasing a vehicle. For car owners, we compare multiple carriers to find the most economical rates available.</p>
<h2>Reasons for State Filings in Knightdale</h2>
<p>Common infractions requiring proof of financial responsibility include:</p>
<ul>
<li>DWI or DUI convictions</li>
<li>Driving without state-mandated liability insurance</li>
<li>Excessive traffic violation points</li>
<li>Driving while license suspended or revoked</li>
</ul>
<p>Consult the <a href=""https://www.ncdot.gov/dmv/help/Pages/proving-insurance.aspx"" target=""_blank"" rel=""noopener"">official NCDMV insurance requirements</a> to understand state filing regulations.</p>
<h2>Clear Path to Reinstatement</h2>
<p>Our team guides you every step of the way to ensure your filing is approved without delays. Read our <a href=""/how-to-get-an-sr22-in-raleigh/"">Knightdale license restoration guide</a> for comprehensive guidance.</p>
<h2>Serving Eastern Wake County</h2>
<p>From Knightdale Station Park to Widewaters and Wendell borders, Oakline delivers honest pricing and reliable electronic submissions.</p>
<h2>Need More Info?</h2>
<p>Explore our <a href=""/faq/"">Knightdale SR-22 FAQ page</a> or speak with a specialist at <a href=""tel:+19842051805"">(984) 205-1805</a>.</p>","""Knightdale SR-22 certificate essentials"" -> /what-is-sr22/","""Knightdale non-owner liability policy"" -> /non-owners-sr22-insurance/","""Knightdale license restoration guide"" -> /how-to-get-an-sr22-in-raleigh/","""official NCDMV insurance requirements"" -> https://www.ncdot.gov/dmv/help/Pages/proving-insurance.aspx"
"Durham, NC (Location Page)",/durham-nc/,SR22 Insurance Durham NC | Reliable High-Risk Filings | Oakline,"Fast SR-22 insurance filings for Durham, NC drivers. Oakline offers affordable liability policies and rapid DMV submission. Call (984) 205-1805 today.","<h1>SR-22 Insurance in Durham, North Carolina</h1>
<p>If you live or work in Durham and need an SR-22 or certificate of financial responsibility, Oakline SR22 Insurance Raleigh provides fast, dependable service across the Bull City. Commuting along I-40, NC-147 (Durham Freeway), or US-15-501 requires valid driving privileges, and our team helps Durham motorists get reinstated affordably.</p>
<p>Contact our regional office at <a href=""tel:+19842051805"">(984) 205-1805</a> or visit 704 Glenwood Ave ste d, Raleigh, NC 27605 for prompt support.</p>
<h2>Why Bull City Drivers Depend on Oakline</h2>
<p>High-risk auto filings require precision and deep familiarity with NCDMV procedures. Oakline helps you avoid common filing errors that cause DMV rejections. Learn how financial responsibility certificates operate in our <a href=""/what-is-sr22/"">Durham SR-22 guide and overview</a>.</p>
<h2>Owner and Non-Owner Coverage Available</h2>
<p>Don't own a car in Durham? A <a href=""/non-owners-sr22-insurance/"">Durham non-owner liability certificate</a> satisfies the state's reinstatement requirements at a fraction of the cost of vehicle insurance. If you own an automobile, we compare top underwriters to secure low down payments and manageable rates.</p>
<h2>Infractions Requiring Financial Responsibility in Durham</h2>
<p>State authorities enforce mandatory certificate filings following:</p>
<ul>
<li>DWI convictions in Durham County or statewide</li>
<li>Citations for operating an uninsured motor vehicle</li>
<li>Driving while license revoked or suspended</li>
<li>Accumulating excessive moving violation points</li>
</ul>
<p>Review the <a href=""https://www.ncdot.gov/dmv/title-registration/insurance-requirements/Pages/default.aspx"" target=""_blank"" rel=""noopener"">NCDMV driver license &amp; insurance compliance portal</a> to ensure continuous compliance.</p>
<h2>How to Reinstate Your Durham Driver's License</h2>
<p>We simplify the entire reinstatement process from quote to DMV confirmation. Walk through our <a href=""/how-to-get-an-sr22-in-raleigh/"">Durham driver reinstatement steps</a> for clear, sequential instructions.</p>
<h2>Serving Durham and Surrounding Communities</h2>
<p>From Downtown Durham and Ninth Street to Southpoint and RTP, Oakline provides compassionate, professional, and judgment-free service.</p>
<h2>Got Questions?</h2>
<p>Browse our <a href=""/faq/"">Durham SR-22 answers resource</a> or call Oakline directly at <a href=""tel:+19842051805"">(984) 205-1805</a> today.</p>","""Durham SR-22 guide and overview"" -> /what-is-sr22/","""Durham non-owner liability certificate"" -> /non-owners-sr22-insurance/","""Durham driver reinstatement steps"" -> /how-to-get-an-sr22-in-raleigh/","""NCDMV driver license & insurance compliance portal"" -> https://www.ncdot.gov/dmv/title-registration/insurance-requirements/Pages/default.aspx"